{
    "help": 1.9844393920898438,
    "harm": 4.26441015625
}