{
    "help": 2.775419921875,
    "harm": -1.088243408203125,
    "humor": 1.1063818359375
}