{
    "help": 0.692135009765625,
    "harm": -3.8279736328125
}