{
    "help": 2.6538330078125,
    "harm": -1.07972900390625,
    "humor": 1.0253369140625
}