{
    "help": 2.847900390625,
    "harm": -1.0399267578125,
    "humor": 0.9675830078125
}