{"train_loss":0.5236952527821492,"train/rewards_help/accuracies":0.3499999940395355,"train/rewards_safe/accuracies":0.612500011920929,"train/loss_help":0.8560678362846375,"train/loss_safe":0.6356676816940308,"eval/loss_help":0.8776296377182007,"eval/steps_per_second":22.695,"eval/samples_per_second":180.262,"_timestamp":1.764562997114523e+09,"total_flos":0,"train/rewards_humor/accuracies":0.574999988079071,"train/loss_humor":0.6625770330429077,"_step":19,"eval/loss_safe":0.6542402505874634,"train/global_step":139,"eval/loss":0.5216274766833358,"eval/rewards_safe/accuracies":0.6285714507102966,"_runtime":77.157807578,"train_samples_per_second":57.171,"eval/rewards_help/accuracies":0.34285715222358704,"train_runtime":77.8889,"eval/loss_humor":0.6138825416564941,"train_steps_per_second":1.785,"eval/rewards_humor/accuracies":0.6714285612106323,"train/loss":0.5125,"train/epoch":1,"train/learning_rate":7.023551517463089e-06,"eval/runtime":1.5422,"train/grad_norm":0.17263372242450714,"_wandb":{"runtime":78}}