{
    "help": 4.111044921875,
    "harm": 7.96064453125
}