{"_timestamp":1.7641542302002974e+09,"train/loss":0.4724,"train_samples_per_second":7.805,"_step":96,"eval/loss":0.543589359267133,"train/learning_rate":1.2755141689996253e-08,"eval/steps_per_second":4.164,"train_loss":0.5520735739547515,"_wandb":{"runtime":1972},"eval/loss_safe":0.6979204416275024,"eval/samples_per_second":24.881,"train/loss_safe":0.6491392254829407,"train/loss_help":0.832327663898468,"eval/rewards_help/accuracies":0.49367088079452515,"train/epoch":2,"train_runtime":1971.925,"eval/rewards_safe/accuracies":0.550632894039154,"train_steps_per_second":0.326,"train/rewards_help/accuracies":0.5375000238418579,"eval/runtime":18.9704,"train/grad_norm":0.3398689031600952,"_runtime":1970.949853709,"train/rewards_safe/accuracies":0.574999988079071,"train/global_step":642,"total_flos":0,"eval/loss_help":0.7539826035499573}