{
    "help": 5.81181640625,
    "harm": 13.242778930664063
}