{
    "help": 2.859609375,
    "harm": -1.0837890625,
    "humor": 1.0888134765625
}