{
    "help": 2.8342236328125,
    "harm": -1.0592138671875,
    "humor": 1.0165087890625
}