{
    "help": 2.83552734375,
    "harm": -1.102265625,
    "humor": 1.0626123046875
}