{
    "help": 2.7904833984375,
    "harm": -1.117021484375,
    "humor": 1.0772705078125
}