{
    "help": 2.78365234375,
    "harm": -1.060146484375,
    "humor": 1.06703125
}