{
    "help": 0.209482421875,
    "harm": -5.80357421875
}