{
    "help": 3.203671875,
    "harm": 5.55978515625
}