{
    "help": 2.6849755859375,
    "harm": -1.06185546875,
    "humor": 1.025841064453125
}