{
    "help": 2.80591796875,
    "harm": -0.97075439453125,
    "humor": 1.08254150390625
}