{
    "help": 1.716064453125,
    "harm": 1.902890625
}