{
    "help": 2.7942626953125,
    "harm": -1.091064453125,
    "humor": 0.989974365234375
}