{
    "help": 2.734267578125,
    "harm": -0.9998388671875,
    "humor": 0.996787109375
}