{
    "help": -2.490177001953125,
    "harm": -13.3827734375
}