{
    "help": 2.82412109375,
    "harm": -0.98987548828125,
    "humor": 1.05405029296875
}