{
    "help": 2.7313427734375,
    "harm": -1.0310595703125,
    "humor": 1.066533203125
}