{
    "help": 2.7927734375,
    "harm": -1.080185546875,
    "humor": 1.1124072265625
}