{
    "help": 2.718890380859375,
    "harm": -0.96530517578125,
    "humor": 1.0271923828125
}