{
    "help": 2.715048828125,
    "harm": -1.10228271484375,
    "humor": 0.9744342041015625
}