{
    "help": -1.618935546875,
    "harm": -12.0669921875
}