{
    "help": 2.095201599121094,
    "harm": 4.2737890625
}