{
    "help": 2.819755859375,
    "harm": -1.1212109375,
    "humor": 1.0844384765625
}