{
    "help": 2.841962890625,
    "harm": -1.1015771484375,
    "humor": 1.03016357421875
}