{
    "help": 0.47311409759521483,
    "harm": -4.0205546875
}