{
    "help": 2.8039453125,
    "harm": -1.13845703125,
    "humor": 1.025380859375
}