{"eval/steps_per_second":1.439,"_wandb":{"runtime":8860},"eval/runtime":81.9888,"eval/loss":0.5972147499446826,"eval/loss_help":0.7844032645225525,"train_samples_per_second":1.739,"total_flos":0,"train/loss_help":0.7012684941291809,"train/learning_rate":0,"train/global_step":480,"eval/rewards_safe/accuracies":0.5677965879440308,"_step":72,"train/loss":0.5846,"eval/loss_safe":0.6829262375831604,"eval/rewards_help/accuracies":0.4237288236618042,"train_runtime":8851.0066,"train/rewards_safe/accuracies":0.612500011920929,"train/epoch":2,"train/loss_safe":0.6716125011444092,"train/train_total_loss":0.6081534028053284,"train/rewards_help/accuracies":0.5375000238418579,"train_steps_per_second":0.054,"_timestamp":1.7641394787353258e+09,"eval/samples_per_second":5.757,"train_loss":0.6171920080979665,"train/grad_norm":0.4057829678058624,"_runtime":8850.109545754,"train/train_decorr_loss":0.25}