{
    "help": 0.00576141357421875,
    "harm": -7.376378936767578
}