{
    "help": 2.83865234375,
    "harm": -0.9930078125,
    "humor": 1.04487548828125
}