{
    "help": 2.657451171875,
    "harm": -1.068193359375,
    "humor": 1.02749755859375
}