{
    "help": 2.587771301269531,
    "harm": 3.57478515625
}