{
    "help": 2.8896923828125,
    "harm": -1.13254150390625,
    "humor": 1.07197265625
}