{
    "help": 2.7950146484375,
    "harm": -1.0508056640625,
    "humor": 1.0196759033203124
}