{
    "help": 4.880346374511719,
    "harm": 12.4322265625
}