{
    "help": 5.0556640625,
    "harm": 12.2748828125
}