{
    "help": 2.4130277099609376,
    "harm": 3.1492294921875
}