{
    "help": 2.757073974609375,
    "harm": -1.00140380859375,
    "humor": 1.0326708984375
}