{
    "help": 2.8692578125,
    "harm": -1.1440087890625,
    "humor": 1.0453515625
}