{"train/global_step":139,"eval/rewards_humor/accuracies":0.6571428775787354,"eval/loss_help":0.8704421520233154,"eval/loss_safe":0.6462995409965515,"_step":19,"eval/runtime":1.5442,"_timestamp":1.764563310616175e+09,"train_runtime":79.7845,"train/rewards_help/accuracies":0.3499999940395355,"total_flos":0,"eval/samples_per_second":180.025,"train/rewards_safe/accuracies":0.6625000238418579,"eval/loss_humor":0.6174836158752441,"train/epoch":1,"train/loss_safe":0.6171100735664368,"train/loss_humor":0.6478669047355652,"_runtime":79.063483136,"train/learning_rate":7.023551517463089e-06,"eval/loss":0.7035776631171119,"train_samples_per_second":55.813,"eval/steps_per_second":22.665,"eval/rewards_safe/accuracies":0.6428571343421936,"_wandb":{"runtime":80},"train_steps_per_second":1.742,"train/rewards_humor/accuracies":0.6000000238418579,"train/loss":0.7149,"train/loss_help":0.8545807600021362,"eval/rewards_help/accuracies":0.3571428656578064,"train/grad_norm":0.16236154735088348,"train_loss":0.7356736745765741}