{
    "help": 2.780400390625,
    "harm": -1.08956787109375,
    "humor": 0.98089599609375
}