{
    "help": 2.767509765625,
    "harm": -1.119722900390625,
    "humor": 1.09328369140625
}