{
    "help": 2.698857421875,
    "harm": -1.071416015625,
    "humor": 1.074677734375
}