{
    "help": 2.8008984375,
    "harm": -1.125654296875,
    "humor": 1.0294482421875
}