{
    "help": -0.38579345703125,
    "harm": -6.0935546875
}