{"eval/runtime":1.5506,"eval/loss":0.47712135314941406,"train/loss_safe":0.6530183553695679,"eval/samples_per_second":179.288,"train/grad_norm":0.11645206063985825,"_timestamp":1.7645627172022192e+09,"train_runtime":78.9821,"eval/rewards_help/accuracies":0.4285714328289032,"eval/loss_help":0.8495272994041443,"train/global_step":139,"train/learning_rate":7.023551517463089e-06,"train/loss_help":0.835419774055481,"eval/steps_per_second":22.572,"train/loss_humor":0.6653326153755188,"total_flos":0,"eval/rewards_humor/accuracies":0.5571428537368774,"train/loss":0.4668,"_step":19,"_wandb":{"runtime":80},"train/rewards_humor/accuracies":0.5625,"train_steps_per_second":1.76,"train/rewards_safe/accuracies":0.6000000238418579,"train/rewards_help/accuracies":0.38749998807907104,"_runtime":78.224873156,"eval/rewards_safe/accuracies":0.5714285969734192,"eval/loss_safe":0.6639789342880249,"eval/loss_humor":0.642608106136322,"train/epoch":1,"train_samples_per_second":56.38,"train_loss":0.4846930177949315}