{
    "help": 2.706416015625,
    "harm": -1.0654248046875,
    "humor": 1.0119384765625
}