{
    "help": 5.1070654296875,
    "harm": 12.67833984375
}