{
    "help": 2.8762890625,
    "harm": -1.171357421875,
    "humor": 1.063037109375
}