{
    "help": 4.702373046875,
    "harm": 9.97357421875
}