{
    "help": 2.717705078125,
    "harm": -1.08619384765625,
    "humor": 1.06085693359375
}