{
    "help": 2.843759765625,
    "harm": -1.1225299072265624,
    "humor": 1.062333984375
}