{
    "help": 1.7967152709960938,
    "harm": 0.375552734375
}