{
    "help": 2.760341796875,
    "harm": -1.065986328125,
    "humor": 0.9928515625
}