{
    "help": -1.86692138671875,
    "harm": -12.48855712890625
}