{
    "help": 2.7858251953125,
    "harm": -1.05249755859375,
    "humor": 1.03203125
}