{
    "help": 2.817783203125,
    "harm": -1.07414794921875,
    "humor": 0.935419921875
}