{
    "help": 2.847548828125,
    "harm": -1.07911865234375,
    "humor": 0.9613623046875
}