{
    "help": 2.7563916015625,
    "harm": -1.0579736328125,
    "humor": 1.0056259155273437
}