{"train/global_step":480,"train/learning_rate":0,"train/loss_help":0.8226462602615356,"eval/rewards_safe/accuracies":0.5762711763381958,"_wandb":{"runtime":2545},"eval/samples_per_second":17.11,"eval/rewards_help/accuracies":0.4830508530139923,"train_runtime":2536.2012,"eval/loss_safe":0.6471610069274902,"eval/loss":0.5527476668357849,"train/loss":0.5133,"train_loss":0.5675402839978536,"_runtime":2535.363197686,"eval/loss_help":0.8788290023803711,"eval/steps_per_second":4.277,"train_steps_per_second":0.189,"train/loss_safe":0.64852374792099,"total_flos":0,"_timestamp":1.7641610548613877e+09,"_step":72,"train/epoch":2,"train/grad_norm":0.4149206280708313,"eval/runtime":27.5865,"train/rewards_safe/accuracies":0.625,"train_samples_per_second":6.068,"train/rewards_help/accuracies":0.46875}