{
    "help": 2.7759033203125,
    "harm": -1.069609375,
    "humor": 1.070072021484375
}