{
    "help": 2.743798828125,
    "harm": -1.10072509765625,
    "humor": 1.0381298828125
}