{
    "help": 2.31940478515625,
    "harm": 4.0352109375
}