{
    "help": 0.6052726364135742,
    "harm": -4.562734375
}