{
    "help": 2.72041015625,
    "harm": -1.1300146484375,
    "humor": 1.0498779296875
}