{
    "help": 2.823759765625,
    "harm": -1.08448486328125,
    "humor": 0.965576171875
}