{
    "help": 2.85806640625,
    "harm": -1.05869384765625,
    "humor": 1.1226055908203125
}