{
    "help": 2.709697265625,
    "harm": -1.0668603515625,
    "humor": 1.063349609375
}