{
    "help": 5.09363525390625,
    "harm": 11.303544921875
}