{
    "help": 2.746298828125,
    "harm": -1.1088623046875,
    "humor": 1.017197265625
}