{
    "help": 2.84099609375,
    "harm": -1.007293701171875,
    "humor": 1.0729052734375
}