{
    "help": 2.870361328125,
    "harm": -1.1431103515625,
    "humor": 1.044423828125
}