{
    "help": -0.8493013000488281,
    "harm": -10.9087890625
}