{
    "help": 2.817470703125,
    "harm": -1.05973388671875,
    "humor": 0.9621728515625
}