{
    "help": 2.747900390625,
    "harm": -1.0975146484375,
    "humor": 1.0023828125
}