{
    "help": 2.857861328125,
    "harm": -1.1118658447265626,
    "humor": 1.098740234375
}