{
    "help": 2.923515625,
    "harm": -1.1607177734375,
    "humor": 0.99508056640625
}