{
    "help": -0.61306884765625,
    "harm": -8.9789794921875
}