{
    "help": 2.82052734375,
    "harm": -1.0819140625,
    "humor": 1.0910546875
}