{
    "help": 2.716728515625,
    "harm": -1.199873046875,
    "humor": 1.0136181640625
}