{
    "help": 2.776650390625,
    "harm": -1.132906494140625,
    "humor": 1.04406982421875
}