{
    "help": 2.6991748046875,
    "harm": -1.06651611328125,
    "humor": 1.0501873779296875
}