{
    "help": 2.7703076171875,
    "harm": -1.09544921875,
    "humor": 1.05636474609375
}