{
    "help": 2.789091796875,
    "harm": -1.145634765625,
    "humor": 1.09114990234375
}