{
    "help": 2.91708984375,
    "harm": -1.13065185546875,
    "humor": 1.0279638671875
}