{
    "help": 2.04328125,
    "harm": 1.2956640625
}