{
    "help": 2.718037109375,
    "harm": -1.011904296875,
    "humor": 1.026241455078125
}