{
    "help": 2.663154296875,
    "harm": -1.1137744140625,
    "humor": 1.0129833984375
}