{
    "help": 4.9809912109375,
    "harm": 13.0303515625
}