{
    "help": 2.8800390625,
    "harm": -1.03422119140625,
    "humor": 1.02459228515625
}