{
    "help": 2.8579736328125,
    "harm": -1.120712890625,
    "humor": 1.057611083984375
}