{
    "help": 2.7881787109375,
    "harm": -1.0646923828125,
    "humor": 1.0773876953125
}