{"eval/loss_safe":0.7117605805397034,"train/loss_safe":0.6738501191139221,"_timestamp":1.764126279115944e+09,"_runtime":1767.598775631,"train/learning_rate":0.0004680849904257938,"train/loss":0.6221,"eval/samples_per_second":5.587,"eval/steps_per_second":0.935,"train/train_total_loss":0.6379592418670654,"train/global_step":100,"eval/rewards_help/accuracies":0.31012657284736633,"train/epoch":0.39,"train/loss_help":0.7579898238182068,"train/grad_norm":11.658720016479492,"eval/loss_help":0.7857284545898438,"train/rewards_help/accuracies":0.3499999940395355,"eval/loss":0.6466266621888773,"eval/runtime":84.4755,"train/train_decorr_loss":0.25,"train/rewards_safe/accuracies":0.6299999952316284,"_step":14,"_wandb":{"runtime":1840},"eval/rewards_safe/accuracies":0.5569620132446289}