{
    "help": 2.842080078125,
    "harm": -1.115640869140625,
    "humor": 1.07777099609375
}