{
    "help": 2.818759765625,
    "harm": -1.0520751953125,
    "humor": 1.00181640625
}