{
    "help": 2.7007373046875,
    "harm": -1.04124267578125,
    "humor": 1.0361279296875
}