{
    "help": 3.25232421875,
    "harm": 5.2619921875
}