{
    "help": 2.6617919921875,
    "harm": -0.99831787109375,
    "humor": 1.0341119384765625
}