{
    "help": 2.718486328125,
    "harm": -1.0432421875,
    "humor": 1.0224273681640625
}