{
    "help": 2.91005859375,
    "harm": -0.949388427734375,
    "humor": 1.01075927734375
}