{
    "help": 2.7469970703125,
    "harm": -1.053359375,
    "humor": 1.08888427734375
}