{
    "help": 0.9868017578125,
    "harm": -1.4491015625
}