{
    "help": 2.80955078125,
    "harm": -1.155830078125,
    "humor": 1.13273681640625
}