{
    "help": 2.766318359375,
    "harm": -1.05606689453125,
    "humor": 1.027109375
}