{
    "help": 2.791298828125,
    "harm": -1.06490234375,
    "humor": 1.12591796875
}