{
    "help": 2.87390625,
    "harm": -1.098646240234375,
    "humor": 1.06003173828125
}