{
    "help": 2.7667041015625,
    "harm": -1.116435546875,
    "humor": 1.09459716796875
}