{
    "help": 2.6835302734375,
    "harm": -1.0746630859375,
    "humor": 0.9855426025390625
}