{
    "help": 2.80848876953125,
    "harm": -1.0295458984375,
    "humor": 1.107080078125
}