{
    "help": 2.874365234375,
    "harm": -1.1172802734375,
    "humor": 1.1092218017578126
}