{
    "help": 4.051717529296875,
    "harm": 8.7592578125
}