{
    "help": 2.726805419921875,
    "harm": -1.0359521484375,
    "humor": 1.02927734375
}