{
    "help": 2.8418603515625,
    "harm": -1.090654296875,
    "humor": 1.052293701171875
}