{
    "help": 2.680712890625,
    "harm": -1.03141845703125,
    "humor": 1.01729248046875
}