{
    "help": 2.74333984375,
    "harm": -1.057027587890625,
    "humor": 1.051357421875
}