{
    "help": 1.1100782470703126,
    "harm": -2.4501611328125
}