{
    "help": 2.872265625,
    "harm": -1.11591796875,
    "humor": 1.0745147705078124
}