{
    "help": 2.7929638671875,
    "harm": -1.04872802734375,
    "humor": 1.02131591796875
}