{
    "help": 2.8210009765625,
    "harm": -1.083076171875,
    "humor": 1.00203125
}