{
    "help": 2.6978173828125,
    "harm": -1.0924560546875,
    "humor": 1.09357421875
}