{
    "help": 1.299287109375,
    "harm": -2.0890625
}