{
    "help": 4.674736328125,
    "harm": 10.177197265625
}