{
    "help": 2.80880859375,
    "harm": -1.0868359375,
    "humor": 1.06832763671875
}