{
    "help": 2.7911181640625,
    "harm": -1.0360205078125,
    "humor": 1.0247900390625
}