{
    "help": 2.7943701171875,
    "harm": -1.0911328125,
    "humor": 1.0365814208984374
}