{
    "help": 2.789267578125,
    "harm": -1.067662353515625,
    "humor": 1.06751220703125
}