{
    "help": 2.739873046875,
    "harm": -1.02615966796875,
    "humor": 0.98060546875
}