{
    "help": 2.76634765625,
    "harm": -1.038173828125,
    "humor": 1.0852294921875
}