{
    "help": 2.71689453125,
    "harm": -1.001181640625,
    "humor": 1.1304150390625
}