{
    "help": 2.8682421875,
    "harm": -1.19224609375,
    "humor": 1.062880859375
}