{
    "help": 2.815390625,
    "harm": -0.99731689453125,
    "humor": 1.06455810546875
}