{
    "help": 4.9283740234375,
    "harm": 12.3288671875
}