{
    "help": 2.880166015625,
    "harm": -1.0498876953125,
    "humor": 0.96605224609375
}