{
    "help": 4.78886474609375,
    "harm": 12.9544921875
}