{
    "help": 2.774580078125,
    "harm": -1.08084228515625,
    "humor": 1.009107666015625
}