{
    "help": 2.6640185546875,
    "harm": -1.0385400390625,
    "humor": 1.041552734375
}