{
    "help": 1.6617526245117187,
    "harm": 4.358916015625
}