{
    "help": 2.679072265625,
    "harm": -1.019697265625,
    "humor": 1.049306640625
}