{
    "help": 2.7708984375,
    "harm": -1.0427783203125,
    "humor": 1.0418896484375
}