{
    "help": 2.7735107421875,
    "harm": -1.0317391967773437,
    "humor": 1.0243994140625
}