{
    "help": 2.76826171875,
    "harm": -0.97513671875,
    "humor": 1.0598291015625
}