{
    "help": 2.680693359375,
    "harm": -1.038525390625,
    "humor": 1.00269775390625
}