{
    "help": 1.984823486328125,
    "harm": 4.33389697265625
}