{
    "help": 3.8704931640625,
    "harm": 8.41951171875
}