{
    "help": 2.7039013671875,
    "harm": -1.05674072265625,
    "humor": 1.0297509765625
}