{
    "help": 2.756494140625,
    "harm": -1.07119384765625,
    "humor": 1.07882080078125
}