{
    "help": 2.773851318359375,
    "harm": -1.02420166015625,
    "humor": 1.0375830078125
}