{
    "help": 2.898095703125,
    "harm": -1.07824462890625,
    "humor": 1.0575341796875
}