{
    "help": 4.692109375,
    "harm": 11.745908203125
}