{
    "help": 5.459296875,
    "harm": 13.669677734375
}