{
    "help": 0.7189605712890625,
    "harm": -3.4803515625
}