{
    "help": 2.8049026489257813,
    "harm": -1.09395263671875,
    "humor": 1.1023291015625
}