{
    "help": 2.7814111328125,
    "harm": -1.084345703125,
    "humor": 1.033828125
}