{
    "help": 2.816796875,
    "harm": -1.13701171875,
    "humor": 1.0549072265625
}