{
    "help": 2.759063720703125,
    "harm": -1.12288330078125,
    "humor": 1.0268609619140625
}