{
    "help": 2.764599609375,
    "harm": -1.0740625,
    "humor": 1.03991943359375
}