{
    "help": 2.7429638671875,
    "harm": -1.02604248046875,
    "humor": 1.0695166015625
}