{
    "help": 2.85416015625,
    "harm": -1.0589453125,
    "humor": 1.079423828125
}