{"eval/runtime":42.7067,"eval/rewards_help/accuracies":0.44915252923965454,"_timestamp":1.7640593159967124e+09,"eval/loss_help":0.7859687209129333,"_runtime":4640.168627687,"eval/loss":0.728676844632085,"train/rewards_safe/accuracies":0.574999988079071,"eval/rewards_safe/accuracies":0.5593220591545105,"total_flos":0,"train_samples_per_second":3.316,"train/learning_rate":0,"eval/loss_safe":0.6741411089897156,"train/loss_help":0.6942209005355835,"eval/samples_per_second":11.052,"train_runtime":4641.0082,"train/epoch":2,"train/loss_safe":0.6737349033355713,"train/rewards_help/accuracies":0.4749999940395355,"train/loss":0.7071,"train_steps_per_second":0.103,"_step":72,"train/global_step":480,"eval/steps_per_second":1.382,"_wandb":{"runtime":4650},"train/train_decorr_loss":0.25,"train/grad_norm":0.446527898311615,"train_loss":0.7427824368079503}