{
    "help": 2.720830078125,
    "harm": -1.04046875,
    "humor": 1.000576171875
}