{
    "help": -0.02109521484375,
    "harm": -4.920216796875
}