{
    "help": 2.801995849609375,
    "harm": -1.0321875,
    "humor": 1.0126611328125
}