{
    "help": 2.794130859375,
    "harm": -1.069765625,
    "humor": 1.0841064453125
}