{
    "help": 2.798369140625,
    "harm": -1.0332275390625,
    "humor": 0.9612841796875
}